{
  "accuracy": [
    0.45570454001426697,
    0.5039318203926086,
    0.5398409366607666,
    0.6024090647697449,
    0.6518863439559937
  ],
  "loss": [
    2.94657039642334,
    2.4125187397003174,
    2.275111436843872,
    2.1906344890594482,
    2.1097917556762695
  ],
  "macro_f1": [
    0.47878170013427734,
    0.5285733938217163,
    0.5663236975669861,
    0.6275445222854614,
    0.6720095872879028
  ],
  "val_accuracy": [
    0.2302667647600174,
    0.1681436151266098,
    0.25835922360420227,
    0.33427736163139343,
    0.42444729804992676
  ],
  "val_loss": [
    1.6727573871612549,
    1.7432602643966675,
    1.5435038805007935,
    1.6552821397781372,
    1.575000286102295
  ],
  "val_macro_f1": [
    0.3127627968788147,
    0.31902676820755005,
    0.41052836179733276,
    0.3859643042087555,
    0.46064692735671997
  ],
  "learning_rate": [
    0.0010000000474974513,
    0.0010000000474974513,
    0.0010000000474974513,
    0.0010000000474974513,
    0.0010000000474974513
  ]
}