{
  "accuracy": [
    0.471664160490036,
    0.5305680632591248,
    0.6041410565376282,
    0.6739328503608704,
    0.6924058198928833,
    0.7229283452033997,
    0.7221083045005798,
    0.7434512972831726,
    0.7528131008148193,
    0.7713999152183533,
    0.7781649827957153,
    0.8049291372299194,
    0.7921735048294067,
    0.8015352487564087,
    0.8364994525909424,
    0.8551774621009827,
    0.855769693851471,
    0.8628080487251282,
    0.8688214421272278,
    0.8721014857292175,
    0.8843560814857483,
    0.8954489827156067,
    0.9012345671653748,
    0.904286801815033,
    0.9084324240684509,
    0.9075668454170227,
    0.9133296608924866,
    0.9146507978439331,
    0.9139447212219238,
    0.9149013757705688,
    0.9170424938201904,
    0.916996955871582,
    0.9208920001983643,
    0.9214614629745483,
    0.9279075860977173,
    0.9292970895767212,
    0.9312103986740112,
    0.9313698410987854,
    0.932440459728241,
    0.9320076704025269,
    0.9342626929283142,
    0.9336476922035217,
    0.9379754662513733,
    0.9364493489265442,
    0.9363810420036316,
    0.9387499690055847,
    0.9407316446304321,
    0.9400482773780823,
    0.9412099719047546,
    0.9415060877799988,
    0.9426449537277222,
    0.9421210885047913,
    0.9454239010810852,
    0.9433055520057678,
    0.9436699748039246,
    0.9440572261810303,
    0.9462438821792603,
    0.945264458656311,
    0.9466539025306702,
    0.9470183849334717,
    0.946631133556366,
    0.946357786655426,
    0.9468817114830017,
    0.9468361139297485,
    0.947587788105011,
    0.9481117129325867,
    0.948703944683075,
    0.9484761357307434,
    0.9480433464050293,
    0.9483622908592224,
    0.9499567151069641,
    0.949273407459259,
    0.9496378302574158,
    0.9502755999565125,
    0.9511184096336365,
    0.9500022530555725,
    0.9506173133850098,
    0.9497972726821899,
    0.950503408908844,
    0.9495922923088074,
    0.9498428106307983,
    0.9495922923088074,
    0.9502983689308167,
    0.9513689875602722,
    0.9497289657592773,
    0.9512550830841064,
    0.9519611597061157,
    0.951460063457489,
    0.9522801041603088,
    0.9531912207603455,
    0.9518017172813416,
    0.9507311582565308
  ],
  "loss": [
    2.9382386207580566,
    2.3643932342529297,
    2.233349084854126,
    2.1031494140625,
    2.0878477096557617,
    2.0182321071624756,
    2.0006585121154785,
    1.9639787673950195,
    1.9450318813323975,
    1.9105911254882812,
    1.893976092338562,
    1.8726849555969238,
    1.8651894330978394,
    1.8494471311569214,
    1.7882803678512573,
    1.764405608177185,
    1.765326738357544,
    1.7656813859939575,
    1.756402611732483,
    1.7467355728149414,
    1.7357360124588013,
    1.7059457302093506,
    1.7042065858840942,
    1.701115608215332,
    1.6915274858474731,
    1.6969538927078247,
    1.690041184425354,
    1.6833778619766235,
    1.686342716217041,
    1.6815106868743896,
    1.6842145919799805,
    1.6763243675231934,
    1.6782474517822266,
    1.676048755645752,
    1.6622930765151978,
    1.6624804735183716,
    1.665980339050293,
    1.6602247953414917,
    1.6567292213439941,
    1.658852219581604,
    1.6520599126815796,
    1.6572524309158325,
    1.6519372463226318,
    1.6523783206939697,
    1.6524713039398193,
    1.6497220993041992,
    1.6460049152374268,
    1.645843267440796,
    1.6459393501281738,
    1.6415693759918213,
    1.6436693668365479,
    1.643960952758789,
    1.637800693511963,
    1.642200231552124,
    1.6391245126724243,
    1.6383429765701294,
    1.6406329870224,
    1.6392241716384888,
    1.6335910558700562,
    1.6387927532196045,
    1.6345945596694946,
    1.6386046409606934,
    1.6364723443984985,
    1.6374210119247437,
    1.6322003602981567,
    1.6341413259506226,
    1.6331923007965088,
    1.6367228031158447,
    1.631912112236023,
    1.634204626083374,
    1.6320332288742065,
    1.6357481479644775,
    1.6317840814590454,
    1.633744239807129,
    1.6308112144470215,
    1.6300129890441895,
    1.6294031143188477,
    1.6333458423614502,
    1.6290979385375977,
    1.6337471008300781,
    1.6314417123794556,
    1.6299231052398682,
    1.6318718194961548,
    1.6291459798812866,
    1.6309934854507446,
    1.6271153688430786,
    1.629739761352539,
    1.6295825242996216,
    1.6296725273132324,
    1.6287832260131836,
    1.6283926963806152,
    1.6272838115692139
  ],
  "macro_f1": [
    0.49757376313209534,
    0.5584602952003479,
    0.6289259195327759,
    0.6919963955879211,
    0.7057906985282898,
    0.732785165309906,
    0.730296790599823,
    0.7493028044700623,
    0.7584973573684692,
    0.7737652063369751,
    0.7809451818466187,
    0.8026512265205383,
    0.7927583456039429,
    0.8010889887809753,
    0.8323299288749695,
    0.8498244285583496,
    0.8490020036697388,
    0.8555518984794617,
    0.8612359762191772,
    0.865199863910675,
    0.8758570551872253,
    0.8870846033096313,
    0.8922435641288757,
    0.8950552940368652,
    0.900097668170929,
    0.8983765840530396,
    0.9043439030647278,
    0.9058086276054382,
    0.9049971699714661,
    0.9057540893554688,
    0.9080510139465332,
    0.9083465337753296,
    0.9119294881820679,
    0.9117730855941772,
    0.9189494848251343,
    0.9204818606376648,
    0.92179936170578,
    0.9229868650436401,
    0.92351895570755,
    0.9228668212890625,
    0.9257465600967407,
    0.9254158735275269,
    0.9296987652778625,
    0.9278818368911743,
    0.9266797304153442,
    0.9300602674484253,
    0.9322274327278137,
    0.9321268200874329,
    0.9328441619873047,
    0.9333416223526001,
    0.9341309666633606,
    0.9335835576057434,
    0.9378077387809753,
    0.9349679946899414,
    0.9355981945991516,
    0.9361125826835632,
    0.9381284713745117,
    0.9373730421066284,
    0.9391075372695923,
    0.9391234517097473,
    0.9384201765060425,
    0.9384030103683472,
    0.939440131187439,
    0.9389705657958984,
    0.9402149319648743,
    0.9408754110336304,
    0.9411648511886597,
    0.9406043887138367,
    0.9399718046188354,
    0.9408169984817505,
    0.942378044128418,
    0.9414135813713074,
    0.9418438076972961,
    0.9426048994064331,
    0.9437583088874817,
    0.9428203701972961,
    0.9432676434516907,
    0.9419385194778442,
    0.9432628750801086,
    0.9418140649795532,
    0.942144513130188,
    0.9423767328262329,
    0.9427825212478638,
    0.9435831308364868,
    0.9423704147338867,
    0.9441976547241211,
    0.9448468089103699,
    0.9440992474555969,
    0.9454364776611328,
    0.9457815885543823,
    0.9447181820869446,
    0.9434450268745422
  ],